[NEW_DOCUMENT: DOCid=3, lang=bzd2, DOCNAME=Los Pueblos Indígenas del Valle del Diquís].	[NEW_DOCUMENT: DOCid=3, lang=spa, DOCNAME=Los Pueblos Indígenas del Valle del Diquís].
[NEW CHAPTER: PRÓLOGO , DOCid=3, lang=bzd2].	[NEW CHAPTER: PRÓLOGO , DOCid=3, lang=spa].
D Sá kaw ak wa serg e ka kéin kië Diquís wás batá siglo XX, Jera ji ka kië Costa Rica rö ditsëi ta ktaí , miga pë ktë tkau kië “Días de las Culturas” je ñara égla te i she ley de fundamental de Educación, jewa bol te sö ktö Jame mene se serge je kimege ká i shenagl ö, sheite mene se yörge ka komí kië ( Áreas rurales).	Desde finales del siglo XX, Costa Rica se vislumbra como un país “multiétnico y pluricultural, al promulgarse la Ley del Día de las Culturas N° 7426 de 1994 y en concordancia con lo que había sido dispuesto en la Ley Fundamental de Educación acerca de la conservación y ampliación de la herencia cultural.
Je tsóglomi ñawösiga, sé yönaglö ñaebö. ~~~ Se wa mene sé yönaglö w a jirö tsó je kugo se ditsö wa ña, kté wógich i N: 22072 -MEP 25 de febrero dwá s 1993 je te i shé ditsö wö yabla jayëkua, aláglöwa jewa yúwé mene i wakua kto wa, mene síkua cha bí. ~~~ Mene se k a ska se serg e je kugo, mene sé shkablög e, se serg e, se siwá sheg e se te, jirö begétsa bí, se w a jirö juñer bí se te jirö sh kalwege, mene siga w a bí.	Su fundamento se origina en reducir las brechas sociales relacionadas con la calidad de la educación en las áreas rurales del sistema educativo y con ello mejorar la equidad, eficiencia y utilización de los recursos del sector educativo con énfasis en las poblaciones indígenas; mediante la reforma del Decreto Ejecutivo N° 22072- MEP del 25 de febrero de 1993 y con la reforma del decreto del Subsistema N° 37801 se trata de enseñar a los niños y niñas indígenas que utilicen su idioma materno, así como el idioma español, responder a las necesidades culturales y socio económicas de las comunidades, abarcando su historia, su cosmovisión, sus conocimientos y sus sistemas de valores y tradiciones entre otros.
15 de julio dwás 2013 kté wögichi N: 37801 -MEP desaun “gaceta” na te i shé, i doglosaun ñawötsiga mene se kaska sé inga i kianabí, jerö sé kapag oglo se inga jirö kianabí; sheite ditseiwa yörge; sék tow a.	El 15 de julio del 2013 se publica en la Gaceta el nuevo decreto N° 37801 MEP; reforma del Subsistema de Educación Indígena; para que se adecue completamente a las necesidades de las comunidades indígenas y con mecanismos de participación claros en el cumplimiento de sus derechos; establece las particularidades de la educación indígena en términos de objetivos, idioma, enfoque, organización administrativo territorial y recursos humanos; asimismo los procedimientos de consulta y los mecanismos de participación de los pueblos indígenas en los procesos de toma de decisiones en materia educativa.
Sá kaw ak wa serg e ka kéin kië Diquís wás batá siglo XX, Jera ji ka kië Costa Rica rö ditsëi ta ktaí , miga pë ktë tkau kië “Días de las Culturas” je ñara égla te i she ley de fundamental de Educación, jewa bol te sö ktö Jame mene se serge je kimeg e ká i shenagl ö, sheite mene se yörg e ka komí kië ( Áreas rurales). ~~~ Je tsóglomi ñawösiga, sé yönaglö ñaebö.	Este esfuerzo conjunto del Ministerio de Educación Pública, Equipo Técnico del Departamento de Educación Intercultural, PROMECE, permite la construcción; de las siete minienciclopedias permite la construcción de siete Tomos de los Territorios Indígenas Costarricenses y en este Tomo tres, se adecuará la información provista de un marco metodológico y pedagógico de la educación sobre los aspectos generales y vivenciales de los pueblos indígenas del Valle del Diquís: cabécares, bribris, bruncas y térrabas.
Se wa mene sé yönaglö w a jirö tsó je kugo se ditsö wa ña, kté wógich i N: 22072 MEP 25 de febrero dwá s 1993 je te i shé ditsö wö yabla jayëkua, aláglöwa jewa yúwé mene i wakua kt o wa, mene síkua cha bí. ~~~ Mene se k a ska se serge je kugo, mene sé shkablög e, se serge, se siwá shege se te, jirö begétsa bí, se w a jirö juñer bí se te jirö sh kalwege, mene siga wa bí.	Con el fin de contar con información adecuada, ágil y oportuna, se exponen todos los elementos útiles como material didáctico para lograr un conocimiento mayor, para entender el pasado, el presente y el futuro del mundo de los pueblos Indígenas del Valle del Diquís: cabécares, bribris, bruncas y térrabas.
15 de julio dwás 2013 kté wögichi N: 37801 MEP desaun “gaceta” na te i shé, i doglo saun ñawötsiga mene se kaska sé inga i kianabí, jerö sé kapago glo se inga jirö kianabí; sheite ditseiwa yörge; sék tow a. ~~~ Ji sá kene yöa MEP, Equipo Técnico del Departament o de Educación Intercultural, “PROMECE” ra, Je te jí j ayekuö yöa dogaun jula étka g í bötkö, mene ditsö wö tsó k a kië Costa Rica; jame ji jayëkuö mañal te í shé.	Con este trabajo se logra brindar insumos para la definición y análisis integral de todo ese legado cultural que conforma, por medio de la información obtenida y constituir un aporte del Ministerio de Educación, específicamente el Departamento Intercultural a todo el sistema educativo, de establecidos en la Región Brunca y Pérez Zeledón y en general al país y fuera de sus fronteras.
[END OF CHAPTER].	[END OF CHAPTER].
[NEW_DOCUMENT: DOCid=3, lang=bzd, DOCNAME=Los Pueblos Indígenas del Valle del Diquís].	[NEW_DOCUMENT: DOCid=3, lang=spa, DOCNAME=Los Pueblos Indígenas del Valle del Diquís].
[NEW CHAPTER: INTRODUCCIÓN , DOCid=3,].	[NEW CHAPTER: INTRODUCCIÓN , DOCid=3,].
Sé kimege ite klabe mene ditsö wa serge Diquís kein jerö, cabecares, bribri, brunka, térraba, se w a jayekuö suaglö mene te s e kime, jí sé ditsö wá ts ó diquis ke inga, rö cabecares, bribris, térraba, brunka.	Cada uno de los pueblos que integran el Valle del Diquís posee una tradición cultural específica que aún se expresa en determinadas manifestaciones culturales, y costumbres sostenidas en el tiempo a pesar de los embates de aculturación.
Ji jayekuö w a se ña yöumí me ne klabe jirö ts ó sé kim o, je juñer se w a, ñalawö tsö rö Departamento de Educació n Intercultural a todo el Sistema Educativo tsó jí Buenos Aires de Puntarenas jame Pérez Zeledón, jame ji k a klabe Costa Rica jame se k a jushe bega.	Sin embargo, no todos los pueblos han logrado conservar y reproducir todos los rasgos culturales; los cabécares y bribris por ejemplo hoy día mantienen su idioma; la lengua brunca en cambio es una lengua moribunda; por su parte, los térrabas tienen su lengua extinta que se puede resucitar. ~~~ Sin embargo, el sentimiento de un pasado cultural confiere a dichos pueblos el sentido de existencia presente.
	Así, las historias o narraciones sagradas permiten a estos pueblos conocer el origen de su pueblo, los valores que rigen su convivencia, la relación con la naturaleza, en fin su cultura y sus formas tradicionales para transmitir el conocimiento de generación en generación, donde la instancia principal es la familia, donde se aprenden los saberes para la función que cumplen en la sociedad. ~~~ Por eso, las personas mayores juegan un papel fundamental en la formación de los jóvenes.
Égla égla ditsëi serg e diquis k einga jewa wá i wakua s í serge je tsó ia, kash égeite miga k a tsó i tkewagl o ra je klolei wa dulebö, miga kuaw a ñapatkagl e ra (sikua bí).	Existe una diferenciación de enseñanzas, de acuerdo al sexo, por ejemplo las madres enseñan a sus hijas prácticas culturales en torno a la menstruación, embarazo y labores domésticas.
Tara ká rö klabe ditsö te i serge je blegeña cabécares, bribri, wa te i któ shegeña.	De igual manera, los padres instruyen a los hijos en tareas relacionadas con la cacería, agricultura, elaboración de herramientas y materiales utilitarios.
	Sibö les dejó todo el conocimiento para vivir de acuerdo a sus principios y prácticas culturales cotidianas y conocimientos ancestrales; así como formas de ser y estar en el mundo, técnicas para cuidar y cultivar la tierra, cazar, pescar, recolectar, conservar y preparar alimentos, fabricar herramientas y vestidos, participar en ceremonias y festines, tomar decisiones, sanar una enfermedad, construir una vivienda y elaborar sus expresiones artísticas, entre muchas otras.
	Reconocen a los ancianos sabedores de la cultura tradicional como sus voceros y consideran que sus consejos, opiniones y recomendaciones son de “respeto y aceptación” en la enseñanza de esa espiritualidad y cosmogonía.
Brunca, térraba wa te i któ shewawa, tara jiéwa wá i juñer na i bagl e je kueinga i sh éite jiewa ditsö sergeña.	Así los médicos tradicionales u useklas poseen los saberes, como grandes sabios y sacerdotes, para guiar a sus comunidades.
	Respecto al presente tomo, se trata de una experiencia didáctica acompañada de vivencias de los sabios mayores que dejaron plasmados sus conocimientos, además de proporcionar un instrumento de aprendizaje para estudiantes indígenas y la población en general para que comprenda y valore su tradición.
[END OF CHAPTER].	[END OF CHAPTER].
[NEW CHAPTER: Los Cabécares CAPÍTULO 1 , DOCid=3, lang=bzd].	[NEW CHAPTER: Los Cabécares CAPÍTULO 1 , DOCid=3, lang=spa].
Jeyíwa, aláglöwa, jew a yörge rö jaule mina wa te i yabla aláglöwa yoweg e mene i serge bí, miga i dul ból r a, miga i kögeu tsirik na, jirö kene wa ju ska.	Se establecieron en el Valle del Diquís, principalmente en los territorios de Ujarrás, en Buenos Aires de Puntarenas y China Kichá, en Pérez Zeledón.
Kaga wa te yabla jeyíwa yöwege, yebölo, jirö töbío, shka blöglö yöwö. ~~~ Sibö te klabe jirö jatanaña i senagl o mene i wakua s er bí, ka bigögle juñer wa mene i s er jame i dul ji k a inga, jirö konanagl o jirö tobio jishogona yebölo, nima kugo jirö yul o, jirö blö, elíwa, shkablöglo yöwö jame s ua yöwö, mina jirö tkew argera, jirö shö, dué böinewa, jú yöwö, jirö ba yöwö, jame jirö siga.	
Begetsóglö na se keklö wa ne wa klabe jirö juñer, mene sé serg e, jiewa ne te jirö sheg e ñala kashege se paktel ge jerö oloí ta, je kiana kugana, jawá wa ta usekla wa jiewa ne w a ktaín ka juñer, jiewa ne damiulo sigawa wötso ñala káshö. ~~~ Jí jayékuo te i shé mene sikeglöwa bagle sena je jatana sé ña, jame je kashö sá kawák yabla tsó yöna ia i wa klabe se sikeglöwa sen él je shka l waglö, je tsatko sé jer na i döglo.	Según narra Flora Villanueva Vargas: “Ujarrás se formó por una pareja que vino de Talamanca, específicamente de San José Cabécar y se establecieron como los primeros habitantes de la comunidad, después fueron llegando más pobladores indígenas; debido a la llegada de los conquistadores a Talamanca, migraron hasta la Zona Sur; se ubicaron de forma paulatina a mediados del siglo XIX” (2013).
Siwá jame sikeglö wa sen él ka ñaji ia ka jatanatana Diquis keinga, k a kié sök ska Buenos Aires de Puntarenas jame China Kichá Pérez Zeledón, shé busí Meylín Obando Villanueva te: jeyiwa jame aláglöwa beteul o rö San José Cabécar, jewá ne sena ñalawö tsö jí sök ska toga pa sig awa date; miga síkua wa deul o sá ka wa, je kueinga jiewá beteul o ka jíwa i sena rö jana jana dwás“ Siglo XIX, 2013)” dwás 1957 pë te i sha jerö sá ka wakka.	En el año 1957 fueron declarados territorios indígenas.
Sá y yaiwá serg e China Kichá yíga pë te i ka bagasa, dwas 1982 pë kté wögichi wa.	Los habitantes de China Kichá en 1982, fueron despojados de sus tierras, mediante decreto.
Dwás 2001 mal e yaiwá derjutö te i k a kteisha, pë keyekewa tsó shk ablö kië Comis ión Nacional de Asuntos Indígenas, jewa te i sh a, ka maun malé 1.100h rö ditsö Cabécar, China Kichá wa ch a Pérez Zeledón provincia de San José.	Hasta que nuevamente en el año 2001, algunas familias regresaron y recuperaron sus tierras, ya que el estado por medio de la Comisión Nacional de Asuntos Indígenas, decretó 1.100h como territorio indígena cabécar, en China Kichá, perteneciente al cantón de Pérez Zeledón, provincia de San José.
Jebí, te ka ji yöwa keyeke, jebi, serge pë kuawa ra síkua wa ra.	Viven de la agricultura; siembran arroz, frijoles, maíz, plátano, árboles frutales.
Mene pë te jirö ktain yöegebí, dwás 60 pë ñala keyeke yöwa.	Actualmente la construcción de las casas son con bono del Estado; no hay ranchos tradicionales.
Jí sá k a rö sök ebö, jak ebö, jerö böi baga bö ña, k a je dene jirö tobiögl o tara k a rö baramá.	Solo habitan 8 familias; se ha perdido el idioma cabécar en un 50%”. ~~~ (Entrevista Pablo Obando Ríos 2013)
	Constituyen ambos territorios el poblado más grande de la Zona Sur y han tenido mayor relación, con otros grupos de comunidades y centros de población no indígenas, debido principalmente a la construcción, en los años sesenta, de la carretera Interamericana.
	El territorio está constituido por grandes sabanas y piedras, que solo facilita la ganadería y no así la agricultura, sin embargo el paisaje es de una gran belleza natural.
Ditsö Cabécar je ne rö kë biye ji Costa Rica jiewá te i serg e i ka kiöge, i ña kepeyög e, tsoge, yebölog e, nima kugog e, serg e, jirö kúgeg e i ktö, klabe je sheg eña ñawötsiga.	La población cabécar es la de mayor identidad cultural en Costa Rica; practican, sus formas tradicionales de vivencia espiritual, medicina natural, cantos y danzas, cacería, pesca, tradiciones, cultura, religión e idioma autóctono.
3.	3.
Shéite k a klabe kugaite rö jútsiní bí, jú bata rö k a juir bí, jútsiní ma atana rö sibö te, miga I te klabe jú kitiaw a ra jé blatialte dogaún tkél: ñalawötso rö, sibö cha, daye cha, tla cha, kawö cha.	
Bo l rö, jishögó ch a sejersö cha, karbö cha , julböla ch a, kayaka cha , jame I wákua cha, bë.	Conciben el universo como una gran casa cónica. ~~~ La parte superior es el cielo (techo).
Mañal rö, sulá(oloí böi) cha , jame oloí selwí ch a, ká jéwa fuer, jéwa fuela rö karbö wá bí, n ai bí, tkebe bí, jéwa serg e rö ka komi, ka diar.	La forma cónica fue dada por Sibö al cubrir y techar la gran casa universal, que consta de cuatro divisiones cosmológicas: la primera división la conforma Sibö, el mar, trueno y el sol que está en el cielo.
Tke l, jerö diagayena mai kawö doge sauska, mai jirö selwí b otoge ji jishokö ga. ~~~ Jír da jútsin í yöeg e sé te rö mai sé yörge ska (escuela, colegio) je gich a me, sé wa jirö tkewaglö.	La segunda división está conformada por la tierra, el mundo de los hombres, animales, plantas y sus dueños, los diablos, la tercera división está conformada por el mundo de Sulá (espíritu bueno), y los malos espíritus, que son invisibles, aparecen bajo la forma de un animal como la danta, serpientes y habitan las partes de menos acceso del bosque, que es el mundo inferior; asimismo, la cuarta división es el lugar que se encuentra debajo de donde nace el sol, de donde vienen las cosas buenas y malas de la Tierra.
4.	4.
Ka ñaji ia sikeklöwa te i p a ge i yabla ña rö yil e menebí jiewa te k a sue, menebí i ser, i ktö, siwá, jirö pageite jerö oloi ta jiewá gichawá wa.	Los antepasados, desde hace miles de años, trasmitían en forma oral a sus hijos una visión integral del cosmos y de la vida, por medio de su cultura, idioma, historias, leyendas y narraciones sagradas de sus orígenes.
Jiewá te i sua, i shé na sibö bö ne rö egl auña je ne te klabe jirö yöwa, jie te i w a na jeyíwa kor ditsö bi, jebí jeyíwa ko na kuö ditsö bí, tög apa i gí kona ña.	Reconocen un ser supremo, Sibö, creador de Todo, hizo que el hombre naciera de una semilla o Ditsö, así nacieron los hombres de las semillas de maíz y luego se fueron procreando.
Jame i j atana ña i te klabe jirö tsó kon ana ka jí gí , jirö tsó tség a konana. ~~~ Ñabí teglí j ata i te usekla wa ña, sig awa shkéwa glö.	También les dio el legado más importante: cuidar los elementos de la naturaleza respetando a todos los seres vivos que viven en ella.
Jawá wa ña i j atana i te jaule, menebí jiewá tsö, menebí i k a kiö, jawá te i tsáu inga dú pik ba ramá tkegega yö le jiebí kal kal kölito kiëge “mastate”.	De igual forma, brindó poderes especiales a los useklas para que guiaran espiritualmente a sus pobladores, a sus médicos tradicionales (jawá) o chamanes que tenían una forma particular de dirigir las ceremonias usando una corona en la cabeza fabricada de plumas de aves y elaborada con corteza del árbol del mastate.
5.	5.
Miga sibö s ena k a jí gi, ñalawötso ra, ják jame ksa bö ne ts o rö jamiwa jiwa klabe ka rö yerama, tara klabe i kene yöwaite wëiglö ra; sibö te klabe b ata tiatsá miga jishokö yúw awaite ra.	Cuando Sibö vivió en este planeta, por primera vez, solo había piedras y arena por todos lados, todo permanecía en oscuridad.
Je kueinga, se serg e jiska je serge böi nara, klabe jirö ts o yöle rá, se ro ña bö, kal digín bí, digló bí, karbö bí, jeska ne sewa jirö bötög e sé senaglö.	Sin embargo, con el trabajo de los animales seres sobrenaturales, Sibö finalizó la creación del universo al conformar la Tierra.
	Por ello, esta población guarda estrecha relación con la naturaleza, pues se consideran parte de ésta, al igual que los bosques, los ríos y los animales silvestres; de ella extraen directamente los recursos para vivir y si no la respetan deben sufrir castigos como enfermedades o la muerte.
Ká séwá i kugane ra dué bö tog eun se inga, sé duomiwa; je kueinga se jena jirö kagö mó usekla ia, jiewá rö se kebiwa jiewá wa ktain se mina jishokö shk ál ka ña ia se je ditsö cabécar wa w a i juñer na se r ñara baramá k a klabe ra, se wa klabe jirö ts o ró óloi ta, je rö shkal w a na sé wa, ka bata bí, diglö bí, karbö jame julböla bí, ka yaka bí, k a klabe jirö tso serge se rá, jerö óloi ta.	Así, rinden tributo a los useklas, sabios sacerdotes, grandes guías espirituales que adoran a la Madre Tierra. ~~~ Desde épocas ancestrales el cabécar conoce que la supervivencia del ser humano depende de la relación armoniosa, espiritual, estable y duradera con su medio natural, respeto y valor a todo lo que lo rodea, a las montañas, ríos, animales, plantas, y todos aquellos elementos que interactúan con el ser humano.
6.	6.
Sibö te ditsö cabécar blatia, je kueinga kuö rö jaule jaule, p a rö ktain, yaiwabí rá; i m ina tsei ne dami i wa.	Sibö dividió en clanes a los cabécares; por ello, el maíz viene de muchas clases y muchos colores; familiarmente, siguen la línea materna y conservan la filiación matrilineal.
Ditsö klol e ñaebö jew a wá jirö juñer, jirö kúgege , rö ñaebö jeyíwa te i wapé je yaiwa kugeg e, ne jie yaiwá bí, jeyíwa jena jú suaña.	La organización de los clanes, conlleva el orden de las relaciones y de la misma identidad, creencias y conocimientos. ~~~ El hombre se une a la familia de la esposa y contribuye a la manutención del hogar.
Yaiwa serg e bá ñara, jerö sigeita ktain.	La unidad familiar se entiende, por tanto, como preciado valor.
Kene bla tieg e ia ia, miga jirö tobirgera, kene w ege rö ñara, jame I wö shtög ane kene bla tiege rö; yabla jeyíwa jame i kaga jew a te kene wö sht ege, yeblöge, nima kugeg e, ta yabla alaglöwa jame i mina jew a te yabla yuliski wa kon anege, úliwag e jú seneweg e, baramá. ~~~ Jebí klabe shkablög e ñara.	La distribución del trabajo, se realiza de una forma compartida cuando deben sembrar, cultivar y recolectar los productos, se distribuyen las tareas; los hijos varones y el padre se encargan de recoger la cosecha, cazar, pescar, mientras las hijas y la madre se dedican al cuido de los hijos más pequeños, la preparación de alimentos y aseo de la vivienda; aunque también ayudan a las labores agrícolas en la siembra y cosecha.
7. Jirö tkewege.	7. Festividades
Ka ña ia je rá jú yörge jirpa je diei yege ka se miwapá sena i jarga rá, jirö böi döglomi je jú ska, dí tso, yeké tso je tkewaglö. miga sé te ditsö töbiege rá, jiebí, kiana diei yána, klabe sé yaiwá bötoge ditsö palima, ditsö wö rö kene etöböglö chá dí ts o; yeké tso je tkewaglö. ~~~ 8.Sa Nul.	Entre las principales festividades celebradas desde épocas milenarias cuentan la inauguración de su casa, antes de habitarla, celebran una fiesta; se considera que la construcción de la vivienda, está llena de simbolismos de acuerdo con su cosmovisión y forma parte de su identidad cultural.
Miga sá duawa rá, se yaiwá , se sigawá , jena ña kepei y ö, jeska ra jawá ne r ö ñalaw ötso je rö ká se tseí bötsanagloumí, ká se ña kepei yane ra se yaiwá ts ó jer inga. se tobirge ra ña kepei y ege rö jaule jaule , je ra sá nu l pabuteregewa ka kö wa kie mulisi k ö jame kál kulito wá jebi i seneweg e miga sá nul t obirge wa ska.	Todo el proceso de construcción va seguido de rituales y ceremonias con el fin de curar la casa y protegerla de los malos espíritus.
Ña kepei yege ka maun tk él ra, ká yegeta , sá nul paksege r ö égla b ö te, je kie rö “JO” je ka kiuma kuawa kuawa, sá nul kog eun jirö tseí inga, shé na ká je juer ;je tseí tkegewa r ö sá nul wöiglökogloun, ká i shé naglöwá. jebi ñala kitieg ewa, sá nul doglomiun mai i beteun ska.	Para esta labor de curar se requiere de la presencia del jawá, quien realiza una serie de rituales como cantar (en el idioma de sus antepasados) y bendecirla; para agradecer la colaboración de las personas que ayudaron y para atraer energías positivas al nuevo hogar, les ofrece comidas y bebidas, para la celebración.
Klabe menewa dasd ö sá nul tobiö, jewa jena juk ö ne k a mañal, k a bututu, shé miga sá blenawa ra sá r ö ña ktaí je kueinga ka i k eta, sá nul doglömiun b öi sula k aska.	Para las actividades que se realizan en la comunidad se reúnen como actividades educativas y culturales.
Batá ra busi Meylín Obando Villanueva [2013] te i shé, miga busiwá te tsirik sueg e ñalaw ötso je ra i jena s ena églauña, ká yöro ktotaira , i jena y öko ká deye ta , jukö köpuli kichá wa, yal e megeña . busi ká jena tk a tsó ju ska k ota, wali megeña r ö mai jie te i kug e wa ska bi, diglö yege jie te je r ö diglö alakí , busi jena jek betsé tso d ogaún [8 días] bi, je ne kepa i domiun ne ju ska rö.	
9. Siwá Pagale.	8. La muerte.
Kianá yina se keklöwa siwá pagö jerö óloita, jiewá te i pag e rö “tachiwa , dulaglewa ia”jiewá inga i juenaglö , chag öglö.	Los parientes y los descendientes deben cumplir con una serie de acciones rituales, en los cuales destaca el papel del guía espiritual.
Jewa i juela Menabí tachiw a inga i kiana na, yabla , dulaglewá, busiwá, mene se serg e, se ktöge , se siwá pag öge, ké je she wawa ta je kiana tsatk ena.	Están relacionados dichos rituales con la tierra, la fertilidad principalmente para que no se rompa el ciclo de origen, pues si esto no sucede, la familia corre peligro.
Shé Isidora Ortiz Villanueva [2013] te. . sá dits ö cabécar kona rö kuö ditsö wa sib ö te i tul a, i tobia, saka wa [Talamanca] kichá wa.	En los entierros se dan diversos ritos, entre ellos, envolver en hojas y mantas de corteza de árbol a los difuntos y los mantienen así hasta que lo van a enterrar.
	Esas reglas se establecen, durante 4 días no comen, se mantienen en dieta; cuando se mueren una única persona que puede tocar el difunto, dicho enterrador inicia otros rituales, en el recorrido que hace el difunto por el hilo del puente imaginario, que se le pone para que, según el espíritu pase por ahí, no se pierda, así se van tapando los caminos, hasta llegar al lugar de donde vino.
Saka wa jame sö k wa, mene w á te ñalaw ötso ñala yöwa [ jewá wa ji ka sule bá] ñ ala yöwa saka wa dosaun ji sök wa jerö jeyiwa b ol jiewa r ö dua wa, égla kie rö shuik keria jame Nama , jiewá wa k taí óloi juñer jame klabe ji k a rö óloi ta i wa, jiewá inga i juena´ rá miga i kögeu lo ka batá na, diglö na, ká ju tenene, ká jañane, ká ané, ka digin wagi shkiwemigai te.	Todos los que asisten a un entierro deben bañarse durante los tres días siguientes, cerca de las 4 de la mañana, pues consideran que la persona al morir está Ña (impura), por ello no se puede tocar, para posibilitar el tránsito del difunto hacia el lugar sagrado. ~~~ La MenstruaciónSegún narra Meylin Obando Villanueva (2013):“cuando a las muchachas le viene la primera menstruación debe de estar en un lugar donde nadie pueda hablar con ella, debe de comer alimentos sin sal y se baña con plantas medicinales y se les da de beber. ~~~ La muchacha no debe de tocar los platos de la casa, se le dejan sin alimentos en un lugar donde ella los recoja.
Kabata na , diglö na klabe jirö wëiglö tso klabe k ö nana .	El agua que ella toma debe ser de un pozo donde no corra el agua.
Jiewá b eteulo sakawa, jiewá te köen töbö yula, i kagoulo kabata baku ska i degaulo jé k abata inga tuwina, bluisht ö i demiulo köen töbö siska, jeska i kapa k a bata jarga jek kitelewa kál kulitö kiege kabet wa.	La muchacha debe mantener la dieta durante un tiempo de aproximadamente 8 días, que es cuando ya puede regresar a la casa”.
Jeska jiewá b ol ña ia watkawa namá bi.	9. Narraciones sagradas
Ka böikesto se keklö wa shuik keria kawa jirö yinelña kugane, káwa ka bata óloi tsáne ñerö i ktá, i jaña, ják tulaite jir ö tsó bata inga, i shka jel a, ñerö jeska Nama te yöl bá inga k öi sua , je te i alaki pabaweg e, i kaun siwá tele jekea i demiun y öl ktaí mel ska, ká je wane shuik keria wá , je arge.	Es importante resaltar que el contenido de las narraciones sagradas se consideran como verdaderos relatos narrados “de ancianos a jóvenes” con motivo de alguna inquietud importante por descubrir o conocer.
Nama tsága , jewa k öi te diglö tuleg e, je te i alaki pabaw ege je suaglö.	Su temática muestra la propia identidad cultural con relación a la niñez y juventud de sus costumbres y tradiciones.
	Según lo que narra e interpreta Isidora Ortiz Villanueva (2013): “los cabécares nacen de las semillas de maíz que Sibö esparció y sembró, en la cordillera Talamanca, sus raíces, y de los pobladores en Ujarrás, los primeros baquianos (conocedores del territorio), en hacer el trillo de Talamanca a Ujarrás, fueron dos personas que eran cuñados, uno se llamaba Shuik Keria y el otro Nama, tenían gran conocimiento espiritual y respeto a todos los elementos de la naturaleza; sabían que al pasar por las montañas o ríos, no podían hablar, reír o gritar, porque interrumpe la paz de la selva, donde están los espíritus que cuidan y protegen los cerros y ríos en la gran montaña.
Nama shká, toga pa shuik keria te i kugaw a ñe jeska i tsé r duë ye , i tságu dölor i me, i shka jel a deulo ka batá kie kasmalab batá kuësari;bata etké i degaulo sök ska , jeska i betewaulo wák k a batá kie buku.	Iniciaron el viaje saliendo de Talamanca buscando la cuenca del río Coen, subieron el cerro Baku; llegaron a la cumbre, en la noche, siguieron el camino el segundo día hasta la cuenca del río, allí durmieron en la montaña cubiertos de árboles de roble.
Shuik keria deun ka kie oka batá kotkeime, digl ö kie kuyëk kotkeime, se keklöwa shuik keria bl enawa ñerö.	Eran dos cuñados que se convertían en tigres.
Nama te i t obiawa, t ogapa Nama te digl ö ktaí kie “grande del terraba tkasa, jeska ra namá bárama i rö.	Al tercer día el señor Shuik Keria, alteró las normas y el respeto establecido en la montaña y empezó a hablar, reírse y tirando piedras a los animales; siguieron caminando.
	Allí vio Nama encima de la catarata, un pavo, que estaba alegremente cortejando a una pava, pasó callado y llegó donde está la gran catarata, contrario a Shuik Këria que gritaba para que viera al pavo revoloteando el agua y cortejando a la pava; Nama continuó por el camino y luego lo alcanzó Shuik Këria, que se sentía enfermo, le dolía la cabeza y con esfuerzo se encaminaron al cerro Kasmalabbata Kuësari; al fin llegaron a la sabana de Ujarrás descendieron el cerro Buku.
Jeska i ñakukatkawa, karbö sigawa ra, nai, sál,	Shuik Keria llegó cerca del lugar Oka bata, a la orilla del río Cuyëk.
ñer ö i jula kt ö mei jatana mene i kau wa; dits ö Kabécar, Bribri, Brunca, Térraba.	El señor Shuik Këria muere y es sepultado por Nama.
	Luego Nama cruzó el río Grande de Térraba, siendo un hermoso tigre, se unió con otros animales como el jabalí y el mono colorado, dejó su huella allá en el lugar la Mano de Tigre, como una muestra que es la tierra de los pobladores cabécares, bribris, bruncas y térrabas.
Jír da k a kie San Antonio de T érraba jeska i jula ktö mei mel.	Actualmente se llama San Antonio de Térraba.”
Olökapú	El águila.
Shé busi Flora Villanueva Vargas (2013) te olökapú siwá , jerö pú keyeke, je te sákawak ketege, ká yörö ia mina diglö yölo, chomo yölo, pú te klabe ketegewa; yabla , kuchí, óshkoro, klabe migetseiwa.	Según cuenta Flora Villanueva Vargas (2013): “la historia de Olökapú era un águila grandísima, la cual se comía a los indígenas; en esos tiempos nadie podía salir a buscar agua a la quebrada, a buscar banano, porque el águila se comía a todos, a los niños, a los cerdos, los pollos.
ñero klabe jiewá te jawá yul ate, ñerö i pagaiteña, chagaiteña, menebi jiewá te pú keyeke ktemiwa, ñerö jawá te i sha ia kokoblö yöl e ia égla keyeke mai jeyiwa mañal kówan bi, jeyiwa mañal kuaite: jawá te dúá wökua ia jame i sh aite ia: miga pú te kokoblö tsámi ra jiewá te dúá sué, pú tságu shenaglö, pú junaumi wa i menetsé mai i yabla tsó ska.	Como los indígenas no podían salir y verse en tantos apuros se organizaron y buscaron un un guía espiritual; le contaron qué era bueno para matar a esa águila gigante; les recomendó que consiguieran una canasta grande donde cupieran tres indígenas que fueran hombres valientes.
Pú demiun rö tságu shel ewaka, je te kokoblö duách a ñerö jeyíwa d esaulo je te pú yabla ktawa, pu keyeke jiebi, jera tuwina ka i rö, ñerö jeyiwa beteul o ne i k a ska, pú ká wa i ktewane ia.	Los encontraron los 3 indígenas; el Sukia les consiguió unos puros y les dijo: ‘Cuando el águila agarrara la canasta ellos comenzaran a fumar para que se maree’.
	El águila alzó vuelo con la canasta y se los llevó a una montaña donde se encontraban sus 3 polluelos.
	Efectivamente el águila iba mareada, puso la canasta y los indígenas salieron y mataron a los polluelos y al águila, era de noche cuando sucedió.
	Los indígenas salieron huyendo victoriosos y llegaron a la comunidad y no los molestaron más”.
Siwá page: yabla wa jame ñakuerkuel díei.	Narración: La niñez y la ceremonia “ñakuarkuel”.
Shé Isidora Ortiz Villanueva (2013) te yabla ia siwá kashege, sa te jirö kene wege, se serge mene se keklö wa sené l bi klabe rö wata, miga sa n ul konaneg era, kuö wöna jirpa ra, je díei yege, yaba jeyíwa dega u dwás 12 jera i díei bleg e, je rö wata yaba jeyíwa ia, je kië ñ akuarkuel, je rö pe ts ó shkablö ta ktaí jewá ne kiege i díei yö.	Según narra Isidora Ortiz Villanueva (2013), “a los niños se les empieza a enseñar la historia, las tradiciones y las costumbres de los antepasados. ~~~ Todo esto es muy importante, como cuando se hacen velorios, fiestas en la casa, celebración de la primera cosecha del maíz, etc. A los doce años se hace una fiesta, la cual es muy importante para el niño al que se llama “ñakuarkuel”, donde se llama a traer a las personas socialmente reconocidas en la comunidad como las más trabajadoras.
Komipa i díei blerpa ra , yaba yaiwa mige k ono, mululbe, jame jirö siga yeblö, miga je yeke ts oka rá, kál keyeke kie kabet yölege.	Antes de preparar la fiesta, la familia se va de cacería para matar tepezcuintles, venados y otro tipo de animales comestibles.
Tuwina komipa kabet terpa ra jera se tsög e, klotiog e, yökoge, klabe jirö yöna yaba jú ska je bla tieg e, je jueta ra yaba paktergate.	Cuando ya se han conseguido esas carnes, se busca luego un árbol grande como roble (cabet).
Togapa sua jukö taglö yulug ete muegewa yaba klöiglö dígín ye, je kie dëtsí, je yegetsa kál kie kokí klö me.	En la noche antes de cortar el roble, se realizan cantos, bailes, comidas, se reparte todo lo que se ha elaborado en la casa del niño, quien se está preparando.
Miga je díei yanaw atka rá , yaba jena jek tsomi jame jetköwa jú ñak na , mene klona jie ña bö.	Después, se busca un trapo o alguna tela y se la amarran al niño al estilo de un calzoncillo.
	Eso se llama Dätsí; se saca de un árbol llamado Kokíklö.
	Cuando ya se llevó a cabo esa ceremonia, el niño tiene que apartarse y sentarse en una esquina de la casa que ha sido preparada especialmente para él.
Togapa, bluishtö,ma le égla pé böi shto, shkablö ta ktaí j ewa yaba tk el dachá inga migetse komí, jeska i dëtsi yegeumi ia ñala mosh a, mai karbö wa kögeul o ska, je rö na mig a yaba dé d ulagle ra, jera i yeblö, shkablö rö ktaí, mene pé wa yaba mige, jewa rö shkablö ta, yeblö ta, n ima gugo ta, jame jirö siga, je rö ká i bikirwa ta jirö ia.	Luego, al otro día, ciertas personas, pueden ser líderes, personas de bien, de buenas costumbres, llevan al niño que estuvo sentado en una balsa, es ahora llevado lejos, donde pasan animales y se le suelta, en medio del trillo, el calzoncillo que se le amarró; esto, con el propósito de que un día no muy lejano sea un gran cazador de venados u otros animales comestibles.
Miga yeblö onawa, jera yaba migene rö shkablö, kení patiö, kuö patiö, chomo töbio, klabe je guga yaba te ra, i yaiwa tsér bá, klabe sigawa te i óloi ts é.	Las personas que lo llevan deben ser valientes, trabajadoras y buenas para la cacería y otros oficios; es decir, que no le tengan pereza a nada.
	Cuando termina la ceremonia, el niño o adolecente empieza a trabajar; a limpiar frijoles o maíz, sembrar banano, etc. Desde ese momento, ese muchacho es motivo de orgullo para toda la familia y la comunidad”.
10.	10. Cultura.
CULTURA: SÁ SEG E Ditsö cabécar seg e ji sök ska, jew a klabe jirö tso rö shkalta, óloi tség eite könaneg eite, sibö te i kte jatana ia se senaglö bá ñara.	La población de Ujarrás se identifica con la naturaleza, la respetan y la cuidan porque Sibö dejó las reglas y normas establecidas para vivir con los demás seres vivos, con los ríos, las montañas, las plantas, los animales y quien no viva de esa forma Sibö los castigará.
Diglö, k a batá, k a yaka, klabe jirö tsó ji k a iinga ká wa sibö kugane ra, sibö te i weige rá. ~~~ Jir da, sá ditsö weig ege rö se wöbötunaga pé ra [síkua] pé te se weig ege shkablö, pé te se sue shana, ká sige ita bi, tara sá ditsö te klabe jirö shko síkua wa gug e rö jer bá wa.	También su cultura está basada en las técnicas desarrolladas para la caza la pesca con el uso de la cerbatana, arco y flechas, el uso de la piedra para moler maíz, cacao entre otros, heredadas de sus antepasados; conserva en gran medida además del idioma, las tradiciones espirituales y familiares, sin embargo el desarrollo de su cultura material, espiritual, y simbólica, es amenazada cada vez más por la destrucción de los bosques, de donde se consiguen la materia prima para el desarrollo de las viviendas, artesanías, medicamentos, alimentación.
	Culturalmente la población cabécar conserva en gran medida además del idioma, las tradiciones espirituales y familiares, sin embargo el desarrollo de su cultura material, espiritual y simbólica se ve atentado por la destrucción de los bosques , de donde se consiguen la materia prima para el desarrollo de viviendas, artesanías, mediamentos, alimentación, etc. Además, el modelo de desarrollo ideal para estas poblaciones muchas veces no coincide con el del resto de la población, por lo tanto es necesario brindarles mayor autonomía en la toma de decisiones en aspectos como educación, cultura, territorio, etc. Por ello, el papel del estado no debe ser de imposición de formas de vida ajenas, sino de facilitador, por medio del respeto para lograr “solucionar” la problemática social que enfrentan las comunidades indígenas.
Mal e male je te se serge bi bía wöshtewa.	11. Biodiversidad.
Síkua bía te, sá shkablög e, sá ka, sá seg e je wayuw e jamiwa jiwa.	Es la diversidad de seres vivos que se encuentran en cada especie, según las condiciones ambientales principalmente.
Tara ji sé k a kibinaglö ká je dene böi sigawa ka ia, je kueinga i kiana janawa wakua bö mene bi i kíbir, ña yöó in, i serge, i ka bi.	La naturaleza proporciona los recursos necesarios para la satisfacción de las necesidades de subsistencia, como el agua, oxígeno y alimentos.
Je kuinga sá tságu kie “estado” ká jena i m owa deré ji se serg e ia. ~~~ I jena se óloi ts ó, se ña paktöglö böitsana , i suaglö jirö te sá ditsei weigege.	De la gran diversidad de flora y fauna se obtiene gran parte de los alimentos, medicinas naturales y la materia prima requerida para la construcción, elaboración de artesanías, utensilios, así como minerales entre otros.
10.Sá sege. ~~~ Ditsö cabécar sege ji sök ska, jew a klabe jirö tso rö shkalta, óloi tség eite könaneg eite, sibö te i kte jatana ia se senaglö bá ñara.	La importancia de los bosques dentro de la naturaleza, permite que la mayoría de plantas y animales se encuentren en ellos, sin embargo, la explotación de los bosques, hace que se dé la deforestación; hoy día, permanece la lucha de los indígenas por preservar los bosques.
Diglö, k a batá, k a yaka, klabe jirö tsó ji k a iinga ká wa sibö kugane ra, sibö te i weig erá.	Por otra parte, entre los animales más sobresalientes que habitan la zona montañosa aledañas a Ujarrás está el puma, el tigre, el venado, el mono, el coyote, pero se ven muy poco, cada vez se adentran más en las montañas.
Jir da, sá ditsö weig ege rö se wöbötunag a pé ra [síkua] pé te se weig ege shkablö, pé te se sue shana, ká sig eita bi, tara sá ditsö te klabe jirö shko síkua wa gug e rö jer bá wa.	Todavía se encuentran bastantes ardillas, armadillos, tepezcuintles en las orillas de las sabanas y varias especies de aves entre las que destacan, el yigüirro, el colibrí y las pavas.
Mal e male je te se serg e bi bía wöshtewa.	12. Medicina Tradicional.
Síkua bía te, sá shkablög e, sá ka, sá seg e je wayuw e jamiwa jiwa.	El jengibre lo utilizan para la picazón de garganta.
Tara ji sé k a kibinaglö ká je dene böi sigawa ka ia, je kueinga i kiana janawa wakua bö mene bi i kíbir, ña yöó in, i serge, i k a bi.	
Je kuinga sá tságu kie “estado” ká jena i mowa deré ji se serge ia.	Se saca la raíz, se cocina en agua y se toma varias veces al día.
I jena se óloi ts ó, se ña paktöglö böitsana , i suaglö jirö te sá ditsei weigege. ~~~ 11. Jirö tsö.	Hojas de naranja para cuando hay gripe o fiebre, se cocina hasta que el agua quede verde y con eso se baña en la noche y se alivia.
Jirö tsó ji k a inga rö jaule jaule, mene ka kuite bi , ji ka wa jirö tsó rö böi se senaglö, mene; diglö bi, siwá bi, ñana bi, köpuli kicha bi, jú yöwögl o bi, jaba bi, kokoblö bi, jametö bi, kip ö bi, jirö siga, klabe jirö tsó k a digin wa jerö wata jeska kayaka tsó rö baramá, karbö tsó ktaí, tara jir da kál terg e ktaí, je te ka tsiwawa powa powa jekuinga sá ditsö te je tsátkegate.	Zacate limón: Abunda mucho, se utiliza para la gripe o para beberla en la tarde, se cocina la hoja o la raíz de zacate limón.
Tara, karbö wa serg e ji sök ka batá na rö: namá, sál, mulu lbe, chíchí karbö, tara ká jjewá jurña böi bulili bulili i mig ewa ka batá na.	La fruta de la guayaba: Se utiliza para el dolor de estómago, se puede cocinar la fruta o la hoja y se toma dos cucharaditas y se alivia.
Kuna, tsu wí, kono, jewa bö ne ts ó ia sök kicha me , jame dú tsó ia rö: butsú, köi, yusklía, ólo, koktré, namal, sigawa ta ia.	Kjökjuä körkuä: Guarumo: Planta medicinal para curar un niño que tenga estreñimiento.
12. MELE köpölI TSÓ rö. ~~~ Chewö: je rö kaktö blone ia, i ñak yegega elíweg e, jekea i yége kañir wa.	Se recogen las hojas tiernas, se hace un fuego para quemar las hojas, provocando humo, por el cual pasaban al niño una y otra vez.
China kö: je rö se pa dölörge ia ,to ia, i elíweg e,diglö jatanaw a spárama bí, jewá jukeg e tuwina.	Kwojkö u Ortiga: Se utiliza las hojas para el reumatismo, controlar las alergias, cura heridas; Se hierve varias hojas, durante un rato y luego el agua se deja enfriar para suministrar en pequeñas dosis durante varios días.
Toglí kö: ktaí i tsó , je rö to kë pei yöglö, i yeg e komiskla, i kö jame i ñak je ne elíwege.	Juákikö: Se le llama zorrillo porque huele de esa manera. ~~~ Se utiliza para eliminar la fiebre.
Köl wörkua: je rö yabla d uluna ksína dölöwaglö, i kö duluna [ksil] shteg e je ne dölöweg e je shkl a bata inga yaba jueg e jamiwa jiwa.	Se pone a hervir en suficiente agua para tenerla preparada y darse un baño.
Juágli kö: i kie síkua yé “zorillo”[jua] jebi i jalar k ueinga , je rö sá p adölörg e shewaglöwa, i elíweg e diglö ktaí na , jewá se jek palíwag e.	Kal päpälí jäi yana käi, caña agria: Es muy útil para aliviar los dolores intensos en los músculos por acalambrarse.
Kuajkö: je rö se chichá döl or ia, shémewö, dalí, se shkana ia, i kö eliweg e elké, jewá se jek palíwag e bulili bulili.	Se pone a cocinar el palo de la mata revolviéndolo con pelusa de maíz de la mazorca y se empieza a tomar por varios días.
Se te i ka jebibö ra selwi i bolor.	Gavilana: Se utiliza para dolores estomacales, sirve también para el colesterol o problemas de sarpullido en la piel.
Dwás kö: je rö ñá döl or ia , shemewö, paskuöglö, i eliweg e diglö jarga je yé ge bulili bulili , se keklö wa te bá je yé , i tobieg e rö jú ñak kicháme.	Su procedimiento de preparación consiste en recoger las hojas y los tallos, ponerlos a hervir en agua durante un rato, se hace suficiente para tomarlo por varios días.
13. Sá Kawak te Jirö yöege.	13. Artesanía.
Sá te jameto yöeg e bis sheí wa , kokoblö, kipö, brár, tk a yöle jaule jaule, juká bata yöl e dika taglo wa , dika taglo yegesa je pasigege tebelí wa; ji sök wa alaglöwa w a bis tsei bötoge ka jarga je böterreg eite tsá yé , nima kugoglo , tsá yé, juka batá tseí yé, bis tseí rö pacheta: je rö kacha wá matka dasaun , [tinta azul]wá siöna ta síul síul dasaun, mene se te i wö eliw e bi, bék wá kokona dasaun.	Con respecto a la artesanía, se fabrican mochilas con el hilo de la cabuya, fabrican canastas, hamacas, esteras, canastos, bolsos y guacales de jícaras de diferentes estilos, arcos y flechas elaboradas de la chonta del pejibaye; se sacan las astillas, se le da forma con un cuchillo para que quede lista.
Jir da sá te je kene weg e ia, tara pé wa i tsóka wa tona “tienda wa, pulpería wa” [jebi i shé Isidora Orti z Villanueva [2013 ]].	“En Ujarrás las artesanas elaboran las fibras de la cabuya que se extraen del bosque y sirve para hacer hilos de pescar, sogas, pecheras o para arcos y flechas.
Pé bötog e ka kuawa jewá te kál tiege ktaí je kueinga káita ia; male, ka wöbla bö ne jatana ia, sök ne meneu ktaí.	Las fibras de la cabuya se tiñen con tintes naturales de plantas como el achiote que sale el color rojo, de la planta azul de mata se extrae el azul o celeste, según el tiempo de cocimiento de las hojas; del fruto, del árbol de nance sale el color amarillo por ejemplo; hoy día aún se conserva estas técnicas, pero ya compiten con productos para tintes que se consiguen en las tienda o pulperías” (Narrado por Isidora Ortíz Villanueva, 2013) Tratan de revitalizar sus tradiciones, porque los bosques siguen siendo devastados cada vez más por los hombres madereros que vienen de otras regiones; lo que queda son pequeñas colinas y grandes extensiones de sabanas.
14. Sá Dëtsí.	14.Vestido.
	El vestido tradicional narra Gertrudes Fernández Navas (2013) “es hecho de la corteza del árbol de mastate que es muy resistente y fácilmente se moldea para trabajarlo; muchos años las mujeres vestían con estos vestidos.
	Se utilizaban mucho los tintes naturales para colorear las mantas y las telas, como el arbusto el azul de mata, el nance o la yuquilla, siempre los colores encendidos como el verde, rojo, amarillo y azul.
Sá dëtsí je shé G ertrudes Fernández Navas [2013] te je yöle rö kál kie kokí kulito wá je rö böi shkablöglö, k a ñaji ia ra alaglöwa te dëtsí yöe rö jeshtö bö wa, je pacheg e , sua jukö taglö pacheg e siöna , k okona, spapa , matka, jirö jiena yöeg e kál wö baramá wa, i juenaglö bá, tara jir da pé bötoge sua wátua, s ua jueí tsó kukuna , jera sá sua tuege rö yöle yabla ia, alaglöwa ia, jeyíwa ia.	Se usaban accesorios que se hacían de semillas como de una especie de frijolillo principalmente, para hacerlo más llamativos, sin embargo, hoy día, con la llegada a la comunidad de personas vendedoras de ropa y con tiendas cercanas en otros pueblos se compran las telas para vestir o la ropa ya hecha para niños, mujeres y hombres.
Jir da sá dëtsí tsó rö escuela, colegio bö, jirö tkew arge ra yabla klötioglö, yabla alaglöwa ia rö dëtsí jame yabla jeyíwa ia rö kloiglö jame paiglö.	El traje tradicional actualmente lo usan en la escuela y colegio de Ujarrás, para actividades culturales; para hacer representaciones como danzas tradicionales; para las niñas es estilo de vestido, para los varones un pantalón y la camisa.
Jir da ká kál koki ta ia; jekueinga sua jugö taglö tuegeite, sua yuöglo, s ua bötsoglo.	Sin embargo, en la realidad actual, ya no hay estos árboles y han tenido que hacerlos de telas industriales compradas en tiendas principalmente para las representaciones tradicionales”.
15.Sá Kawak Jú	15.Vivienda.
Shé Flora Villanueva Vargas (2013) te , sá kaw ak ju yuöge rö,sök wa, kál klo bá wa, shulú wa jukto p amuegeite rö tsalí wa je rö kál kulito.	La vivienda tradicional, según nos narra Flora Villanueva Vargas (2013): “se construía de zacate de sabana con palos de laurel, y se forraban con carrizo.
	El zacate del techo lo amarraban con burío, que es un árbol que se le saca la corteza.
Ju jarg a jaká jame úliwaglö ts ó, jaká yöle dika taglo wa , jir da ká je ta ia , jir da se te je wamenewátsa rö pé síkua ju wá, mal e yöle kál taglo wa, ya yaka wá, sinc wá, jeshto ju meg e rö “estado” te, jir da sekeklö wa shkablög e rö i wakua ia bö, dulagl ewa shkablöge bishko tobiö [PINDECO] ia, sigawa shkablöge yabla yuö k a kuawa ka kuawa.	Por dentro se encontraba la cocina y las camas. ~~~ Las camas eran hechas de carrizo o chonta de pejibaye; actualmente, ya casi no existen, por lo que dichas viviendas se reemplazaron por construcciones prefabricadas, hechas con paredes de madera en algunos casos o de cemento, piso de cemento y techo de zinc, otorgadas por el Estado con los bonos de vivienda”.
	Actualmente las personas mayores se dedican al cultivo propio para consumo, la mayoría de los jóvenes laboran como jornaleros en las grandes piñeras que se encuentran alrededor de Ujarrás que son de la empresa Pindeco; otros tienen la oportunidad de trabajar de docentes en diferentes comunidades.
Alaglöwa tsó san vicente, Guanacaste je wá ñawötka ñara shkablö jirö yuö.	Es importante recalcar que se encuentran grupos de mujeres principalmente en algunos lugares como San Vicente, Guanacaste que se han organizado para elaborar artesanía.
16. Jirö ñana, jirö yana	16. Alimentación y bebidas.
Sá ditsö cabécar w a jirö tsó yana, ñana, jerö tsé, klabe yaiwa te jirö tobiegej e rö i wakua ia ñana ju ska ; skö, kuö, dika, tsirö, ch omo, tsála, kení, urros, kál wö,, ká jewawa pepli ta, je wa wö rö tsé,bá, jaule jaule se keklö wa úliwa rö ká deye ta,ká blo ta jerö tsé wagebö je ne kueinga jiewá serg e ktaí rö.	La comida tradicional cabécar, se basa en una alimentación natural. ~~~ Cada familia cultiva productos solo para consumo familiar como yuca, maíz o pejibaye, cacao, banano, plátano, frijoles, arroz, frutas cuyos productos que recogen no tienen químicos de ninguna índole, por lo que llevan una dieta sana y variada.
	Los antepasados cocinaban los alimentos, sin sal ni azúcar, todo natural y simple y ése era el secreto para tener larga vida, como lo comentan sus habitantes.
Jebi yeke jame n imá ketege rö.	Asimismo también está el consumo de carne y de pescado.
Jir da kál wö , tsá wö, yeke, n imá, je kimeg ega ia rö chomo, tsála , shkö,je wa te klabe yaiwa te urros wö eliweg e ktaí diglö na, je na i te yeke tsíl jaweg emí, óshkoro cha, ch o cha, kuchí cha.	Actualmente se alimentan del consumo de frutas, verduras, carne o pescado que lo complementan con banano, plátano o yuca. ~~~ En todas las familias se cocina arroz que lo preparan con mucha agua y carne de cualquier tipo como carne de res ahumada, de gallina, chompipe o cerdo.
Shé Eva Fernández Fernández [2013] te	Utilizan plantas silvestres para condimentar las comidas, según nos narra Eva Fernández Fernández (2013):
Olobawö: je rö k a yulila jéwa wö ts ó shketkeg a i erge kál jula na , ká i wörkua dö pa ra je eliweg e yeke ra, je te i jalanew e bá.	Olobawö (es un pequeño arbusto que tiene unas frutillas en forma de bolitas; se forman en las ramas antes de florear y se cocinan con la comida, le da un sabor muy rico a los alimentos).
Mulasha kö: i kebirg e rö ñala köme, i kö duluna ne shteg e, je wöbecheweg e, togapa i diö gugeg e je kea i wö big égé je meg e rö óshkoro s ía ra, kuö yaka jiebí.	Mulashankö (plantas pequeñas que nacen a orillas de los caminos; se recogen las hojas tiernas, se hierven, luego se cuelan y se pican y se sirve generalmente con huevo, o con tortilla.
	También se encuentran algunas especies de hongos, como los kono kukó u orejas de tepezcuintle, solo deben recogerse por personas que los sepan reconocer; se encuentra en árboles caídos, se recogen tiernos, se cocinan en agua; ya hervidos se escurren y se dejan enfriar; luego se muelen con una piedra y se hace una pasta que sirve para condimentar principalmente la carne.
Kono kukó: je shtege rö sigawá w a i sule bö te , i tsó ro kál nul na, i kö duluna ne sht ege rö, i eliweg e diglö jarga , i wöbach aga rá i diö gugeg e kuawa, i paks énewege, togapa i wégé jak wá je ra i iarawa yakaga je wa yeke ne w ö jalanewege.	La mujer cuando está menstruando hay que servirle la comida en hojas, para que cuando termine de comer se boten y no contaminar otra persona.
Miga alaglö wa te tsirik sueg é ra,i cheweg e rö kakö jarga, miga i yaka wa ra ka kö kbegeumi.	En cuanto a las bebidas; se toman siempre en guacales como la chicha, el cacao, chocao, chilate.
Jirö yugl ö ra, je rö tk a jarga mene dí yé bi, bokol, ñalawötso ra je kenew ege rö . kuö wég e rö jak keyeke inga, togapa i padiöbl egega jekea i meg ega elí na i wöböchog a ktaí ska, je ra i deká yana.	El chilate se prepara primero moliendo en una piedra grande el maíz, luego se pone a remojar y a cocinar hasta que hierva mucho, luego se quita del fuego y queda listo para tomar”.
Shé Flora Villanueva Vargas [2013] te na juko [mojoso] wé ge rö “kuö wé ge je pabuterré ge wa mulisi kö wa”tamal” suta , je eliweg e, i jegewa i diö tkó u i pamenew ege bulili bulili d ogaun “5 dia” bi , ká i sulunaglöwa, tögap a i jaweg emi dí jarga, jerá i diöbleg ega, i wég é jekea i iachegesa kuö wl e ra, ka étka ra blo i rö, ka mañal ra jöi rö[DÍ] .	También es muy tradicional la preparación del Mojoso como lo narra Flora Villanueva Vargas “Se muele el maíz, luego se envuelve con hojas de bijagua con un tamaño parecido a los tamales de carne, se cocina, se deja escurrir, se da vuelta por 5 días para que no se dañe. ~~~ Luego para usarlo con la chicha se remoja, se muele y se revuelve con la masa.
	Con un día en la masa tiene un sabor muy dulce, con tres días tiene mucha fermentación y tiene otro sabor.
Ji rö tsó úliwaglö jarga rö tk a y öle rö kál kie m e klo wa , me tiegetsá moska i ñá yegesá , jekea i meg ega elí na, ta togapa i meg ega yöko wörkua inga i p asigoglö bá, togapa i meg ega kalba ga i p atsinaglö je ra i wáwarmi ka, tk a yöle rö jaule jaule tk a yuliski rö tsí rú bal yöglo , dutsú rö yeke sigoglö.	El uso de utensilios de cocina están los guacales que se hacen con la fruta del árbol, llamado jícaras, se elaboran cortando a la mitad la jícara, se le saca la pulpa, se cocina o se pone a las brasas para que sea más cómodo limpiarlos y luego ponerlos al sol a secarlos para que estén listos para su uso.
	También se hacen diferentes guacales para servir chocolate u otros; cucharones para servir de las ollas las bebidas.
Dí yege: Jeska elké yaiwa mig e di yö, ñalawötso i mig e shkablö , di yöege rö kuö yaka , chomo yaka , dika yaka je mege rö walí ra . jame miga égla sejersö duawa ra i diei yeg e.	Chichada, Dí yege: es una actividad social en la que participan varias familias, propicia el acercamiento entre personas de la comunidad.
Je bi se keklö wa ka dular.	Se prepara de bebidas fermentada de maíz, banano o pejibaye, que se sirve con comida; de ahí el nombre de la celebración, puede durar varios días, participan diferentes personas con roles muy especializados y la magnitud del evento depende de la etapa de desarrollo de quién murió, las características de vida y los bienes materiales que poseía.
17. Diglö wa.	17. Ríos.
	Algunos ríos importantes son: Río Ceibo, Rio Currey, Río Skra principalmente.
Diglö tsó rö: bíkís, kuyek, shkla, be, ká diglö ta ia jíwa ktaí, i töbö wa pé te kál tiege ktaí je te diglö tsinewé po , tara miga i kebirg e ra pé jeg ewatanaite ka jú ta, ká baga ta , klabe jirö t obile weigegewai te.	Estos ríos tienen factores de riesgo por ser áreas deforestadas y erosionadas que cuando hay inundaciones la población total de Ujarrás se ve afectada; porque se destruyen caminos, viviendas, pérdida de ganado, cultivos.
18. Sá na chagolö	18. Vías de comunicación.
Ñala blali égla, bötoun Buenos Aires dagaun el Seibo, je koge gaún bikís inga, ka juela baramá, diglö jar rö bá, siö, je te i sheg e bás shkö ñayul o ji sök wa.	El acceso es por medio de una carretera lastrada en buenas condiciones, de acceso a Ujarrás, paralela al río El Ceibo, que es una belleza natural, de aguas totalmente cristalinas, que invita a visitar estas comunidades.
[END OF CHAPTER].	[END OF CHAPTER].
	
[NEW CHAPTER: Los Bribris Se’ Bribriwak CAPÍTULO 2 , DOCid=3, lang=bzd].	[NEW CHAPTER: Los Bribris Se’ Bribriwak CAPÍTULO 2 , DOCid=3, lang=spa].
Se’ Bribriwak.	Los Bribris.
1. Wes sa’ m anete irir i -kuéki.	1. Historia y Antecedentes
Se’ bribripa sérkerak k á kièke Söjki irir Ká baköl e’pa dör aì ë.	Se establecen en Salitre y Cabagra.
Sa’ éwöublaú bla Michael Morales Figueroa e’ tö i- paké tö se’ bribripa sérkerak i-ëka jkér e’pa maneterak k á dià e.	Actualmente Salitre, tiene una población de 1588 habitantes y Cabagra de 2363 habitantes aproximadamente según el censo del 2011. ~~~ Como nos narra Michael Morales Figueroa.
	(2013) “hay tres versiones del origen de los bribris en la Zona Sur:
1° ie’pa tö i pake tö ie’pa manete taì se’ bribri sérkerak dià e e’pa añìjpöke tuléski pa ta e’ kuéki, sa’ yàmipa tulurnemi iëka jker irir iaterak sénuk.	1° Se vinieron de Talamanca porque se estaba dando un conflicto entre los bribris y los teribes y no querían estar en ese conflicto, por lo que huyeron hacia las tierras donde se encuentran hoy día.
2° ie’pa tö ipake tö duládulápa añì tséwa añì yàmipa, e’ kë kiàne iyëpa k i, ñé ie’pa bat éyardak iëka irir iate rak sénuk ká iki.	2° Algunos jóvenes empezaron a vivir juntos y la madre como el padre no estaban de acuerdo, huyeron y se vinieron donde se encuentra Salitre y Cabagra.
3° ie’pa ska tö ipake tö sa’ yàmipa welè térkerak dayë manéuk Blukapa t a dö ie’pa sák ñé e’uköska i batéyardak aterak énukpa ká iki ñé bua’ ie’pa k á wër bua’ ñe iaterak sénuk íedö.	3° Que algunas familias querían adentrarse más a la montaña para crear una nueva familia y caminaron 7 días por una ruta de la montaña que existe hoy día y encontraron estos lugares bonitos; se instalaron en dichas zonas.
Mañátkue wes ie’pa’r ipake e’ yëna, ñalà ñé e’ tëria irir sa’ yàmipa wèle t érke térke e’ ki dö íe.	Estas versiones son creíbles porque efectivamente sí existe dicha ruta desde Talamanca a los territorios de Salitre y Cabagra que dura 7 días adentrarse en la montaña.
Weche Blëkëkëpa tö Se’ s iwa’ kuéki se’ tö íwi tso’ se’ apámik e’ dalöiekesö taì.	Tienen un gran respeto por la naturaleza y por lo tanto debe haber un equilibrio con el ambiente.
Weche Blëkëkëpa tö Sibö wa se’ ditsöwö dëbtu Sulà káska a, dö se’ ká kièke Sulàyöm e dö, ian a míka dìwö tskírk e e’ta se’ tskírke.	Sibö cuando trajo las semillas, del inframundo, de donde nace el sol, dicen sus pobladores en algunas narraciones que venía como viento, para dejarlas en la montaña del Suláyöm y trajo los clanes.
Weche Blëkëkëpa tö Sibö tö se’ ditsöwö meneat k á iki ie’ tö se’ kuàblëwa böt böt éköl wëbla, éköl alákölpa irir se’ mene at wele wele añì yàmi pa irir se’ Sulé meneat añíes íwi ajkönukölie. wé s Sulà tö se’ akuöúne míka ie’ tö se’ yöat Sulà káska ki es.	Nombró cada clan y le dio un trabajo específico, el sistema de clanes, obedece a un sistema matrilineal.
Awápa e’ méat Sibö tö se’ a , se’ kapeblökölie, se’ ajkön úkölie irir ie’pa tö se’ a se’ siwa’ pakèke, ie’pa ujtök e Sibö ta biyöbleie.	Son guiados por los Awá; médicos tradicionales que Sibö les dio la sabiduría y los conocimientos en medicinas naturales y ceremonias espirituales para curar sus enfermedades, son los únicos cantores ceremoniales a quien en la noche son escuchados por Sibö”.
2.Wes Iriria tskíne.	2. Creación de la tierra.
	“El legado cultural de los Bribris, es esa cosmovisión, íntimamente relacionada a la tierra, considerada como la madre, por lo tanto es el territorio de sus ancestros, algo sagrado, especial, se refleja una relación territorio y ambiente y su estilo de vida natural.
Weche Blëkëkëpa tö Sibö tö se’ amì Iriria aat ajkönu kölie irir Irira tö se’ ajköneke añìes e’ kuéki se’ éna idalër taì ë irir sö idalöieke taì.	Cuando Sibö está pensando en crear la tierra tenía una sobrina llamada Iriria, la que es hija de Namaiteni, entonces esta niña, es la que en una fiesta dada por Sibö, en sus descuidos, cae al suelo y todos la majan y se muere.
Sibö tö ká yö at se’a sa’ tö ikie Iriria e’ mik, weche Blëkëkëpa tö étökacha t a Sibö tso’ ikanè olòne e’ diö yök, ñ é Namàitami wa ialála tiaa itsorak Bulklök e’daléwa, ñé ialála ánawa íski ñé ie’pa dakélo i ki ñe imía chka ie, a be i tö íyök yöne.	Sibö está pensando en crear la tierra, se supone que están en la nada, pero de Iriria se tiene la tierra, donde todos viven, de ahí en adelante tiene que ver con esa parte importante parte, que es la naturaleza y la relación de los Bribris con ella” (Entrevista a Michael Morales Figueroa, 2013).
3. Se’ blënawa.	3. Percepción de la muerte.
Weche Blëkëkëpa tö míka se’ míatkemle Sulà káska a e’ ta Ókum tö se’ nú bakèke sík wa irir Stsökölpa stsökerak iana se’ wíköl mími Sulà kásk a a male.	Perciben la muerte, como una despedida; a través de los rituales funerarios el alma del difunto llega al lugar de donde vino.
Ókum tö se’ kímeke, se’ yàmi pa añìes se’ a ñalà ajkáchök iana se’ dömiml e Sulà káska a mle irir kë se’ chöwami, se’ dare apöki e’ ta se’ akuökeia kàlkö wa díkibi ki, se’ batsökei a iana kë se’ kirirwa , erë e’ chówatke sa’ éna i’ñeta.	
4. Alála kúrke.	4. Percepción del nacimiento.
Weche Blëkëkëpa tö iaia míka se’ alàla tskína e’ ta e’ tskína bár kë’r wé shke e’ dör se’ a ñá e’ kuéki , blëkëkëpa awá tö ése kanèwe ke irir Ókumpa kàlkö kapöli wa, aláköl ñé e’ dököl batsök mík kám i alà kur e’ ta, kë ie’ dököl íwi kök íwiwak ie, ska ie’pa íwi dököl bar kë’r i yàmipa íyi e’ ómik.	Para los antepasados el nacimiento de un niño se daba fuera de la vivienda y llevaba un proceso de preparación, que los médicos tradicionales realizaban con rituales de purificación hacia la madre y el niño con la utilización de plantas naturales y la madre debía cumplir ciertas reglas como por ejemplo durante su embarazo no puede tocar las frutas o el achiote por ejemplo.
Érë i’ñeta kë yì tö e’ yaweke ia es, i´ñeta se’ alárlar tskírke apë sa k, a bé kuéki e’ chówatke sa’ éna.	Hoy día los niños nacen en los hospitales, por lo que poco a poco se van perdiendo las tradiciones que debemos rescatar”.
	(Entrevista a Teófilo Vargas Mayorga. ~~~ 2013)
5. Se’ Siwa’.	5. Relación con la naturaleza.
Sibö t ö imabuar yö at, se’ ditsöwö, kàlyök, íwiwak, k ábata, díkibi, ska i mabuar e’ wak t a’ e’ ku éki se’r i dalöieke. imabuar dalöiekesö, se’ kan èblöke darërëëwa k á íjkëta imabuar tso’ se’ w a.	Sibö es el creador de todo, y como es el creador de toda la naturaleza, creó a los hombres, las plantas, los seres vivos como seres que se respetan, como las montañas, ellas tienen sus dueños, los ríos y toda la naturaleza que existe.
6.Se’ klöto.	6. Bailes Sincréticos.
Se’ Bribripa sérkerak Söjki irir Kabaköl e’pa klötökerak acordion wa sa’ kanè ble e’ uköska. i’ñeta duládulápa w elè kë ki ése kiar érë e’ kuéki sa’ kanè blöke darërë e’ ajkönuk.	Los bailes sincréticos tienen una connotación tradicional y moderna. ~~~ Importante considerar que los bailes sincréticos vienen ganando terreno principalmente en los jóvenes que comparten con otras comunidades las festividades.
	Un rasgo particular es el uso del acordeón y la guitarra, adoptada para celebrar fiestas conocidas en las comunidades de Salitre y Cabagra.
7. Se’ ditsöwö.	7. Organización social.
Weche Blëkëkëpa tö, Sibö tö se’ ditsöwö yö at túwa ie’r böt böt Suláyöm e ká kièke Alá e dö.	Los Bribris fueron formados por Sibö que esparció en pares las semillas y de diferentes colores, en la montaña del Sürayön en TalamancaLa semilla de color provee identidad a cada clan y los distingue de otros clanes y de otros pueblos indígenas.
Se’ ditsöwö dirî se’ a se’ yàmipa sa úkölie.	Todos están relacionados a la naturaleza y con los animales.
Se’ ditsöwö tö i mabuar ajkön eke íwiwak ie irir íwi tso’ se’ apám ik ése e’ ku éki se’ ditsöwö kièk e es. ~~~ Blëkëkëpa Awápa e’ tö se’ wökir apaújtek e, sa’ kapèblek erak dawè yök i irir ie’pa tö se’ a se’ Siwa’ pakèke.	Los médicos tradicionales, tienen los conocimientos y la espiritualidad dada por Sibö, especialmente en el campo de la medicina natural; son guías espirituales que ayudan a la comunidad con sus cantos y ceremonias; en ese mundo mítico alejan los espíritus malos como las enfermedades, también instruyen sobre los tiempos apropiados para la siembra.
Ókumpa tö se’ n ú bakek e, míka Sulà se’ akuöwe se’ Sulé wa e’t a se’ tskín a kanè ie imabuar yawök stë ie o’ yawök, shkam é, skam ókölie i-ie.	Asimismo se encargan de diferentes tareas en los velorios, celebración fúnebre muy importante, les ayudan con las enseñanzas relacionadas con el uso de herramientas para el trabajo en el campo y en la cacería como por ejemplo: el machete, el hacha, cómo hacer flechas, cerbatanas” (Entrevista a Michael Morales Figueroa, 2013).
8. Wés sa’ sérke.	8. Arte y cultura.
E’ dör wes se’ senebak iaia irir we s se’ sérke íñeta. ~~~ E’ kuéki imabuar dalöiekesö se’ kapöli ie, se’ k á, se’ Siwa ’ ie iie irir sö ajköne ke.	El arte “es la expresión cultural en todo aquello que puede ser de épocas ancestrales que nos permite por medio de la arqueología, las narraciones, esculturas, la pintura, la artesanía, la música, los cantos, conocer el modo de vida de los Bribris y de otros grupos, cuál ha sido su historia, sus raíces, su organización, sus conocimientos de la naturaleza, el respeto a ella, sus vivencias espirituales, el lugar que habitaban, el uso de la medicina natural” (Entrevista a Felipe Figueroa. ~~~ 2013).
Ajkënta se’ ñáchkipa kanèblëne ádule íwi chka dalölö e’ wa, íwiwak diököl, bulëwö ie i íe yawök iwa. ~~~ Ése kë ta we mabuar yökulepa kë éna e’ ane.	Se desplegó un importante desarrollo artístico en especial la creación de trabajos realizados en oro, como utensilios, adornos o collares por ejemplo, representaciones de animales como jaguares, águilas, pulseras, collares.
9. Biyöblök irir ajköyönuk.	9. Cantos Espirituales.
Wéche blëkëkëpa tö se’ stsö t a, érë blëkëkëpa Awá stsöke biyöbleie, se’ stsöke ajköyönuk ie, wëblapa irir alákölpa, ska’ se’ wa Pulë, Sabák irir Ta’ tso’ buláwe érë míka këkëpa Awá tö i che.	La música de los bribris es muy espiritual. ~~~ Hay dos tipos de cantos: los cantos que usan los Awá que solo se acompañan con flauta y tambor que no son fuertes los sonidos, están en los rituales, ceremonias y los cantos de la población que se hacen para cantarle al sol, la luna y agradecer a Sibö.
Acordeón e’ kë dör se’ i cha érë se’ dá’r ibuláwe kiàna yënuk tö wè se watekesö e’ dör se’ Bribri icha.	Los instrumentos como el acordeón que se utilizan en las festividades tienen una influencia de la cultura chiricana (Chiriquí), que influyó entre los años 18701880, sin embargo las piezas que tocan son originarias de la cultura bribri.
10. Káblapa	10. Narración sagrada.
Wéche blëkëkëpa tö iaia étökacha t a Sibö tö K áblapa patkë k anèblök, ére ie’pa wak dör t aìbluka ie’pa w a o’ mír e’ wa ie’pa tö kàlyök bikélo t aì ë, ñé Sibö’r isawé tö idöketkerak uyöm a ñé ie’ tö ie’pa wöbli one, a be ku éki taì söjkö tso’ se’ k á ki.	Las sabanas que están al sur del país, se originan, porque habían unos señores gigantes que se llamaban cabras, a quienes Sibö les ordenó que sembraran la tierra; tenían unas grandes hachas y empezaron a cortar los árboles desde la raíz y ya no habían árboles y surge así la sabana.
E’ ku éki kàl dalöiekesö, se’ Siwa’ tö iche e’ ku éki.	Sibö los eliminó al ver que ya casi no quedaban árboles.
	Por ello, no se pueden cortar los árboles, porque tienen un fondo histórico.
	La historia es sagrada.
11. Se’ stë.	11. Artesanía.
Ñáchkipa se’ Bribri tö sku’ yawèk e. ~~~ E’ yulek e se’ ñáchkipa tö kàlyök a irir dayë a. íwi tso’ se’ wa wéshke ése yawéra añíes se’ ñáchkipa tö.	Se especializan en la elaboración de bolsos, cerámica, con motivos religiosos, la cestería y alfarería, la materia prima se extraía del bosque, del mar, dándosele siempre el uso racional.
	Elaboración de herramientas u utensilios de cocina, artículos para eventos especiales y artesanías elaboradas en oro especialmente con figuras de animales mitológicos, por los antepasados que extraían principalmente de los ríos y montañas.
Ká ijkëta kë se’ a káwö t a ése yulök ujté kitulëwa sìkuapa wa e’ kë tö se’a ká me.	Hoy día las mismas leyes no permiten extraer ningún tipo de mineral de dichas regiones.
12. íwi wàtaw e irir katèie.	12. Economía y Comercio.
	La economía, no constituye un modo de producción aislado, sino que está vinculado con el uso de zonas aptas para la siembra de los productos básicos.
Se’ íwi kuàblekesö tso’ iëka jk er ése, érë se’ wák ia e’ kë’r wàtawe ése, se’ íwi kuàblera w és se’ ñ áchkipa tö i kuablën e e’kapi, kë se’ kàn e kapöli ajpöklo se’ íwiwö k i e’ kë dör bua’.	Predomina la economía de subsistencia, constituida por terrenos difíciles de cultivar que vuelven casi imposible una agricultura extensiva e intensiva.
Ajkënt a se’ tö íwi akákm eke, m anèweke tsiru’, tsaláwö, ali ´ irir dikò ie íe.	La producción agrícola no comercial se maneja aun con pautas tradicionales, especialmente en lo que se refiere a la división del trabajo y sin utilizan productos químicos; por ello les dicen productos “orgánicos”.
	Lo que se relaciona con la comercialización, en cambio, contrasta con la tradición, utilizándose otro tipo de instrumentos para la siembra y producción, así como productos químicos.
	En cuanto al comercio, se producían el intercambio de productos como una especie de trueque, que generalmente abarcaba cuatro clases de productos básicos: cacao, plátano, yuca, pejibaye.
13. Se’ chkö.	13. Alimentos y preparación.
Iaia se’ ñ áchkipa bák s énuk buàë i mabuar ñ èkerak bua’ e’ ku éki, m íka se’ míke kanèblök, kátök, íwi kuàblök irir íwiwö wöklöuk e’ta se’ añì kimúke échkabie.	Los antepasados “vivían muy sanos por la alimentación que recibían; los niños que nacían, venían con una gran fortaleza, en la familia.
Se’ alárlar talárk e darërë, se’ tö ali’, klö m, dikò, tu’, buë, e’ ñ èkesö, íwi chkà, köchi ie, tkàro ie skà íwi tso’ kañíka ése m ik se’ talárk e.	La dieta alimentaria tradicional está basada en sopas, picadillos, banano y plátano, pejibaye, tubérculos como yuca, tiquizque, malanga entre otros, comen carne de animales domésticos, principalmente el cerdo, pollos, que también les sirve para comercialización y consumo en ocasiones especiales como una boda, un cumpleaños o una festividad importante, con el uso racional y respeto a la naturaleza, el cacao se servía a cualquier persona que llegaba, porque es la bebida para la hospitalidad. ”
Se’ chkök e sík a e’ dör se’ kulë chkököl ie.	(Entrevista a Magdalena Figueroa, 2013).
	Es una tradición servir la comida en hojas de banano porque así evitan la contaminación ya que usadas se deben votar.
14. Se’ kapöli.	14. Salud: Medicina tradicional.
Se’ bribripa manète ká dià a, e’ kuéki sa’ térke sa’ yàmipa sérkerak edö e’ pàkök, Talamanca jkér taì akëkëpa Awá tso, e’ kuéki se’ tö ie’pa kièke sa’ kapéblök.	Muchos aspectos tienen en común con los bribris de Talamanca, por ejemplo la historia, o el lugar donde nacieron en la montaña del Surayon, frecuentemente visitan Talamanca para compartir la cultura.
	Visitan a los awá en Talamanca, porque todavía hay muchos líderes espirituales que les ayudan y guían, si están enfermos les dan medicinas naturales para su curación, los conocimientos los tienen los awá, porque estudiaron desde niños hasta los 20 años aproximadamente para tener todos los saberes y sabiduría que Sibö les da; cumplen la función como conocedores de plantas, puede sanar enfermedades, conoce mucho sobre historia, son reconocidos y respetados por las comunidades, no todos los pobladores pueden ser awá.
Míka se’ e yöke Awá ie e’ t a e’ batsö dör taì ë e’ kuéki se’ tö awápa dalöieke, ie’pa tö se’ ajkönèke e’ kuéki.	Plantas medicinales. ~~~ Gavilana: Las hojas se hierven en agua y sirve para dolores estomacales y para la presión.
Kàlkö kapöli Bachákö: Dirî shù dalër ki. ~~~ Aìblo: Dirî se’ énwö dalën a e’ k i.	El gengibre: Sirve para la inflamación de higado, se toma tres veces durante el día.
Zacate limón: Sirve para la gripe y para la tos.	Zacate limón: Sirve para la gripe y para la tos.
Se toma.	Se toma.
Söjkö: Dirî tuàlia ki irir sa’ tórke e’ k i.	
15. Se’ ú.	15. Casas.
Se’ ù dör Ùsulë ie, dapöjkö we, alökö we, shalárkö irir söjkö we, i kéli tsekesö irir yulèkesö kàlyök a, kapéki ie, i së ie, tsákicka añíes, ù klö dör kàl albö ése. ~~~ I’ñeta se’ ù dör sikua ie.	Se construían en forma cónica, con materiales, extraídos del bosque como la madera, el laurel, el cedro, con el fin de sacar tablas, postes, horcones, para sus casas la palma, el bejuco.
	Las paredes eran elaboradas con caña brava y bejucos para amarrar, el techo lo hacían con palma real principalmente.
	Hoy día cuentan con la ayuda del estado, que les otorga los bonos para que hagan sus viviendas de madera, cemento y zinc, ante la falta de recursos naturales.
16. Ñalà.	16. Caminos y senderos.
Söjki se’ k á a ñalà tso’ akuö t a, íyök ie, tsá ta añíes dikíbi k i.	Algunas vías de comunicación a una de las comunidades como Salitre se realiza por medio de senderos empedrados y puentes de hamacas para cruzar los ríos o quebradas.
17.Inèie	17. Recreación.
	En las actividades de la comunidad de Salitre tienen el juego de la pica la leña.
	Actividad recreativa para jóvenes y adultosSegún nos narra Arnoldo Mayorga Ortíz (2013),”desde los cuatro o cinco años, los niños son llevados a pozas tranquilas en donde los padres les enseñan a chapotear, nadar y mantenerse a flote.
	Al llegar a la adolescencia, con unos 12 años, los juegos son más complejos y a veces peligrosos, pues son verdaderos aprendizajes para sobrevivir en caso de una creciente del río o quebrada.
Míka alárpa k i dawáswö tso’ kúl dö dabòm k í böt e’ta ie’pa t érkerak i yàmipa ta díkibi k i akuök, e’ uköska m íka italàn arak détke t aíkle e’t a iwakpa énwa imíkerak.	Los jóvenes juegan a pasar el río llevando una piedra cargada en un hombro; el peso y tamaño de la misma les permite ir por el fondo de la poza hasta la otra orilla.
Ajkénta se’ ñ áchkipa díkibi tköke ákuö ti àa itsìki es dö díkibi awìshetka iana kë díkibi tö i tsemi érë inèie. i´ñeta birîre kë yì t érku yëblök irir namà klíuk, wèle wèle mími érë kë dör ajkénta ie. i’ñeta duládulapa inúkerak érë bola wa.	Este juego es practicado también en pozas con corriente, por lo que se debe tener mucha destreza no sólo para caminar por el fondo sino para mantener la respiración y la piedra. ~~~ Cuando alguno de los participantes no logra pasar al otro lado, lanza la piedra al fondo y deja que la corriente lo saque e incluso lo arrastre un poco y así se divierten.
	La caza y la pesca han ido dejando de ser deportes como parte de la población, sin embargo todavía en menor grado los realizan.
	También hoy día los jóvenes realizan deportes más modernos como jugar futbol”.
18. Wes sa’ sérke	18. Educación.
Educación Wes sa’ sérke Akëkepa Felipe Figueroa irir sa’ éwöublaúk Michael Morales e’pa tö i che tö se’ Siwa’ pakèkesö duládulápa a ká ijkëta, Sibö tö se’ yö at Ditsöwö ie Sulàyöm e. ~~~ Se’ ujtö ajkönè kesö irir ajkáchekesö se’ alár ia érë e’ pàkekesö wes se’ Siwa’ tö i che, se’ dököl e’wöublaúk se’ Siwa’ wa irir se’ ujtö wa.	Los maestros de la cultura Felipe Figueroa y Michael Morales, nos narran que “coinciden sobre la importancia de promover la cultura, en todo caso la historia es sumamente enriquecedora basada en Sibö que “nos creó como Ditsö en Talamanca; el idioma Bribri, se mantiene por mucho de nuestros ancestros, nuestros jóvenes lo mantienen, pero sin embargo muchas veces sino conocen la historia, no la apreciamos por no conocer nuestra propias raíces no valoramos lo que tenemos, es importante que nosotros aprendamos con nuestra historia y con nuestro idioma”.
[END OF CHAPTER].	[END OF CHAPTER].
[END OF DOCUMENT].	[END OF DOCUMENT].
	
